year,name,Humanitarian,Education,Health,Refugees in Donor Countries,Environment Protection
2010,"DAC Countries, Total",0.0737,0.0655,0.094,0.0264,0.0314
2010,Australia,0.0851,0.0685,0.0871,0.0014,0.0262
2010,Austria,0.0197,0.1068,0.0081,0.0297,0.007
2010,Belgium,0.0451,0.071,0.0527,0.0309,0.0028
2010,Canada,0.0969,0.0896,0.0816,0.054,0.006
2010,Denmark,0.055,0.0494,0.057,0.0501,0.0443
2010,Finland,0.0909,0.0372,0.0277,0.0343,0.0234
2010,France,0.0071,0.1249,0.0302,0.0304,0.0882
2010,Germany,0.0225,0.1169,0.033,0.0056,0.0209
2010,Greece,0.0109,0.1697,0.0122,0.0681,0.0119
2010,Ireland,0.0881,0.072,0.1103,0.0003,0.0023
2010,Italy,0.0224,0.0215,0.0262,0.0011,0.004
2010,Japan,0.0372,0.0531,0.0207,,0.0371
2010,Korea,0.0148,0.1244,0.1169,,0.01
2010,Luxembourg,0.0999,0.0979,0.1434,,0.0076
2010,Netherlands,0.0266,0.0825,0.0477,0.0525,0.0189
2010,New Zealand,0.0699,0.1672,0.0771,0.0369,0.0041
2010,Norway,0.0698,0.0606,0.0452,0.0767,0.0821
2010,Portugal,0.0003,0.1063,0.0181,0.0004,0.0017
2010,Slovenia,0.0223,0.0666,0.0091,0.0221,0.0011
2010,Spain,0.0459,0.0576,0.0395,0.0059,0.022
2010,Sweden,0.0843,0.0266,0.0433,0.0878,0.0317
2010,Switzerland,0.1101,0.0207,0.0248,0.1579,0.0201
2010,United Kingdom,0.0422,0.0555,0.0898,0.0013,0.066
2010,United States,0.156,0.0333,0.212,0.0287,0.0122
2011,"DAC Countries, Total",0.0699,0.062,0.0998,0.031,0.023
2011,Australia,0.0862,0.0898,0.0977,0.0,0.0208
2011,Austria,0.0127,0.1198,0.0134,0.0377,0.007
2011,Belgium,0.0544,0.0714,0.0555,0.0414,0.0028
2011,Canada,0.0771,0.0596,0.1218,0.0616,0.0086
2011,Czechia,0.0158,0.0306,0.0127,0.0468,0.0012
2011,Denmark,0.0613,0.0648,0.0495,0.0404,0.0503
2011,Finland,0.0826,0.0374,0.0234,0.0246,0.0214
2011,France,0.0059,0.1057,0.0148,0.0378,0.0787
2011,Germany,0.0273,0.1157,0.026,0.0055,0.0267
2011,Greece,0.0033,0.1781,0.0064,0.0598,
2011,Iceland,0.0518,0.0517,0.0665,0.0067,0.0079
2011,Ireland,0.0974,0.0723,0.1054,0.0003,0.0033
2011,Italy,0.0167,0.0177,0.019,0.1138,0.0021
2011,Japan,0.0486,0.059,0.0215,0.0,0.0178
2011,Korea,0.0176,0.1339,0.0753,,0.0103
2011,Luxembourg,0.1276,0.0753,0.099,,0.0052
2011,Netherlands,0.027,0.0626,0.0472,0.0734,0.0126
2011,New Zealand,0.0614,0.1311,0.0637,0.0326,0.0022
2011,Norway,0.079,0.0568,0.0456,0.0553,0.0629
2011,Portugal,0.0007,0.0815,0.0233,0.0007,0.0012
2011,Slovenia,0.0118,0.0415,0.0079,0.0079,0.0049
2011,Spain,0.0552,0.0598,0.0371,0.0074,0.0121
2011,Sweden,0.0866,0.0262,0.0336,0.0865,0.0259
2011,Switzerland,0.0969,0.028,0.0255,0.1732,0.0314
2011,United Kingdom,0.0479,0.0737,0.1073,0.0022,0.014
2011,United States,0.1323,0.0274,0.2262,0.0259,0.0137
2012,"DAC Countries, Total",0.068,0.0632,0.1209,0.0271,0.0275
2012,Australia,0.0639,0.1005,0.1147,0.0252,0.0242
2012,Austria,0.0365,0.1188,0.0264,0.035,0.0131
2012,Belgium,0.0435,0.0828,0.0774,0.0407,0.018
2012,Canada,0.0785,0.0565,0.1417,0.0392,0.0292
2012,Czechia,0.0658,0.051,0.0281,0.0264,0.0108
2012,Denmark,0.0678,0.0665,0.0665,0.0412,0.0384
2012,Finland,0.0772,0.0461,0.0619,0.0127,0.0384
2012,France,0.0201,0.0959,0.0475,0.0303,0.0418
2012,Germany,0.0416,0.1073,0.0506,0.0041,0.0428
2012,Greece,0.056,0.1521,0.0229,0.0374,0.0096
2012,Iceland,0.0358,0.0607,0.0792,0.0067,0.0126
2012,Ireland,0.1283,0.0587,0.1194,0.0001,0.0091
2012,Italy,0.0669,0.0391,0.0286,0.0529,0.0128
2012,Japan,0.0401,0.05,0.0505,0.0,0.0163
2012,Korea,0.0155,0.1201,0.0849,,0.0234
2012,Luxembourg,0.1058,0.0953,0.1158,0.0001,0.0084
2012,Netherlands,0.0398,0.0513,0.0749,0.0489,0.0219
2012,New Zealand,0.0547,0.1458,0.0755,0.0388,0.0023
2012,Norway,0.0658,0.0572,0.0896,0.04,0.0847
2012,Portugal,0.0285,0.0808,0.0276,0.0011,0.005
2012,Slovenia,0.0573,0.0687,0.0386,0.0027,0.0213
2012,Spain,0.0735,0.0551,0.0391,0.0073,0.0119
2012,Sweden,0.0864,0.0277,0.087,0.0864,0.0211
2012,Switzerland,0.0917,0.0328,0.0421,0.1834,0.0291
2012,United Kingdom,0.0533,0.072,0.1288,0.0024,0.0308
2012,United States,0.1148,0.0321,0.2491,0.0274,0.0177
2013,"DAC Countries, Total",0.0764,0.0576,0.122,0.0263,0.029
2013,Australia,0.0568,0.0836,0.1016,0.0631,0.0243
2013,Austria,0.0368,0.1041,0.0255,0.0359,0.0152
2013,Belgium,0.0654,0.0512,0.0775,0.0494,0.0239
2013,Canada,0.1033,0.054,0.1676,0.0345,0.0156
2013,Czechia,0.0712,0.0509,0.0329,0.0255,0.0117
2013,Denmark,0.0816,0.0476,0.0564,0.0427,0.0458
2013,Estonia,0.1097,0.045,0.0299,0.0049,0.0159
2013,Finland,0.0763,0.0423,0.06,0.0107,0.0329
2013,France,0.022,0.099,0.0575,0.0268,0.031
2013,Germany,0.0488,0.0974,0.0509,0.0068,0.0412
2013,Greece,0.0575,0.0526,0.0308,0.0505,0.0115
2013,Iceland,0.0485,0.0916,0.0922,0.0081,0.0066
2013,Ireland,0.1242,0.0617,0.1262,0.0001,0.0096
2013,Italy,0.0555,0.0356,0.0327,0.069,0.0157
2013,Japan,0.0403,0.0343,0.0302,0.0,0.0173
2013,Korea,0.0185,0.1105,0.0888,,0.0156
2013,Luxembourg,0.1065,0.1041,0.127,0.0007,0.0096
2013,Netherlands,0.0407,0.044,0.0824,0.0515,0.0159
2013,New Zealand,0.0575,0.1562,0.0695,0.0373,0.0088
2013,Norway,0.0713,0.0517,0.0977,0.0411,0.1522
2013,Poland,0.0716,0.1108,0.0251,0.0002,0.0166
2013,Portugal,0.034,0.0908,0.0423,0.0024,0.0073
2013,Slovak Republic,0.0705,0.061,0.0279,0.0065,0.0122
2013,Slovenia,0.0592,0.0752,0.0322,0.0011,0.0271
2013,Spain,0.0562,0.0404,0.0411,0.0067,0.0103
2013,Sweden,0.0792,0.0307,0.0833,0.0955,0.022
2013,Switzerland,0.0988,0.0339,0.0403,0.1204,0.031
2013,United Kingdom,0.0676,0.0735,0.1481,0.0021,0.0356
2013,United States,0.1381,0.0284,0.2553,0.028,0.0205
2014,"DAC Countries, Total",0.0905,0.0575,0.1201,0.0355,0.0297
2014,Australia,0.0628,0.11,0.0995,,0.0235
2014,Austria,0.0405,0.1038,0.0279,0.0609,0.0114
2014,Belgium,0.0519,0.047,0.0786,0.0545,0.0189
2014,Canada,0.1394,0.0591,0.1381,0.0436,0.0096
2014,Czechia,0.0851,0.0553,0.0284,0.0334,0.0173
2014,Denmark,0.0909,0.0408,0.0647,0.0664,0.0425
2014,Estonia,0.1205,0.0546,0.0273,0.0055,0.0243
2014,Finland,0.0757,0.0477,0.0707,0.0073,0.0275
2014,France,0.0255,0.1009,0.0765,0.0299,0.0398
2014,Germany,0.0573,0.0869,0.0469,0.0073,0.0397
2014,Greece,0.0673,0.0507,0.0262,0.0494,0.0121
2014,Hungary,0.0655,0.0578,0.0268,0.0416,0.0118
2014,Iceland,0.0504,0.0595,0.069,0.061,0.0055
2014,Ireland,0.1282,0.0592,0.1288,0.0005,0.0104
2014,Italy,0.0539,0.0346,0.037,0.1295,0.0175
2014,Japan,0.0548,0.0348,0.0455,0.0,0.0194
2014,Korea,0.0373,0.1094,0.089,,0.0078
2014,Lithuania,0.087,0.0484,0.0233,0.0007,0.0129
2014,Luxembourg,0.1056,0.1134,0.1409,0.0001,0.0092
2014,Netherlands,0.0619,0.0339,0.08,0.1319,0.0106
2014,New Zealand,0.0658,0.1371,0.0597,0.0354,0.0058
2014,Norway,0.0809,0.0554,0.1075,0.0465,0.1082
2014,Poland,0.0842,0.0842,0.0236,0.0006,0.0125
2014,Portugal,0.0461,0.1036,0.0426,0.0017,0.0094
2014,Romania,0.0718,0.1896,0.029,0.0008,0.0113
2014,Slovak Republic,0.0841,0.0596,0.0266,0.0073,0.0126
2014,Slovenia,0.0711,0.0903,0.0221,0.0012,0.0182
2014,Spain,0.073,0.037,0.0376,0.0058,0.0218
2014,Sweden,0.0916,0.035,0.0659,0.1386,0.0365
2014,Switzerland,0.0999,0.0371,0.0526,0.1161,0.0317
2014,United Kingdom,0.0847,0.0677,0.1247,0.0083,0.0355
2014,United States,0.1577,0.0318,0.2492,0.033,0.0237
2015,"DAC Countries, Total",0.0939,0.0543,0.1029,0.0717,0.0274
2015,Australia,0.0721,0.0925,0.0877,,0.0114
2015,Austria,0.0367,0.0912,0.0202,0.238,0.0184
2015,Belgium,0.0816,0.043,0.0745,0.0854,0.0183
2015,Canada,0.1321,0.0539,0.154,0.0394,0.0141
2015,Czechia,0.0915,0.0545,0.0279,0.0443,0.0163
2015,Denmark,0.0779,0.036,0.0482,0.1226,0.0325
2015,Estonia,0.1138,0.0721,0.0242,0.0107,0.0143
2015,Finland,0.0705,0.0506,0.0521,0.0215,0.028
2015,France,0.0257,0.0908,0.0495,0.0249,0.0463
2015,Germany,0.0531,0.087,0.0416,0.1294,0.0332
2015,Greece,0.0576,0.047,0.0261,0.1491,0.0107
2015,Hungary,0.0654,0.0969,0.0274,0.0377,0.0109
2015,Iceland,0.0839,0.0437,0.04,0.1013,0.0059
2015,Ireland,0.1356,0.0587,0.1076,0.0008,0.011
2015,Italy,0.0571,0.0356,0.0345,0.1635,0.0148
2015,Japan,0.0672,0.0333,0.0432,0.0,0.0209
2015,Korea,0.0279,0.1084,0.0869,,0.0122
2015,Latvia,0.0094,0.0088,0.0168,0.0127,0.0029
2015,Lithuania,0.0907,0.0479,0.0276,0.01,0.0122
2015,Luxembourg,0.114,0.1079,0.1254,0.0001,0.0094
2015,Netherlands,0.0835,0.0265,0.0646,0.1832,0.0078
2015,New Zealand,0.0549,0.1563,0.0457,0.034,0.021
2015,Norway,0.0858,0.0679,0.1017,0.0917,0.0864
2015,Poland,0.0766,0.0887,0.023,0.0122,0.012
2015,Portugal,0.0492,0.1,0.0621,0.0059,0.0145
2015,Romania,0.0758,0.1363,0.0178,0.0009,0.0101
2015,Slovak Republic,0.0865,0.0541,0.0242,0.0121,0.0121
2015,Slovenia,0.0752,0.0836,0.0215,0.071,0.0215
2015,Spain,0.0742,0.0353,0.0337,0.012,0.0143
2015,Sweden,0.057,0.0228,0.0518,0.265,0.0143
2015,Switzerland,0.1063,0.038,0.0465,0.1172,0.026
2015,United Kingdom,0.097,0.0556,0.0992,0.0158,0.0299
2015,United States,0.177,0.0319,0.2401,0.0388,0.0271
2016,"DAC Countries, Total",0.092,0.0555,0.1036,0.0858,0.026
2016,Australia,0.0466,0.0603,0.0806,,0.0075
2016,Austria,0.0398,0.0814,0.0198,0.2638,0.0121
2016,Belgium,0.1112,0.0423,0.0616,0.1202,0.0223
2016,Canada,0.107,0.0522,0.1478,0.0783,0.0145
2016,Czechia,0.0966,0.0446,0.0253,0.0419,0.0171
2016,Denmark,0.1009,0.031,0.0454,0.131,0.0348
2016,Estonia,0.103,0.0575,0.0236,0.0371,0.0124
2016,Finland,0.0889,0.0496,0.0373,0.092,0.0158
2016,France,0.0366,0.086,0.0536,0.0299,0.0358
2016,Germany,0.0797,0.071,0.0362,0.2085,0.0367
2016,Greece,0.0684,0.023,0.0207,0.2591,0.0108
2016,Hungary,0.0126,0.1006,0.02,0.0386,0.0058
2016,Iceland,0.1015,0.0307,0.0368,0.2385,0.0024
2016,Ireland,0.1599,0.0509,0.0917,0.0011,0.0121
2016,Italy,0.063,0.032,0.0319,0.219,0.0137
2016,Japan,0.0447,0.0382,0.0427,0.0,0.0171
2016,Korea,0.0283,0.0907,0.0831,,0.0104
2016,Latvia,0.0993,0.038,0.0231,0.011,0.0151
2016,Lithuania,0.1135,0.0475,0.0202,0.0153,0.0132
2016,Luxembourg,0.1216,0.1169,0.1065,0.0001,0.0078
2016,Netherlands,0.0664,0.0332,0.0792,0.0642,0.0105
2016,New Zealand,0.0636,0.1409,0.04,0.0338,0.0071
2016,Norway,0.0948,0.0796,0.0963,0.1559,0.0738
2016,Poland,0.0888,0.0569,0.0187,0.0051,0.0113
2016,Portugal,0.0662,0.1003,0.0382,0.0075,0.0101
2016,Romania,0.1019,0.1081,0.0168,0.0003,0.0131
2016,Slovak Republic,0.0811,0.054,0.0235,0.0091,0.0127
2016,Slovenia,0.0706,0.0784,0.0201,0.0558,0.0191
2016,Spain,0.0431,0.0264,0.0231,0.0147,0.0084
2016,Sweden,0.0947,0.0317,0.0742,0.1308,0.0219
2016,Switzerland,0.0905,0.0386,0.0423,0.1606,0.0276
2016,United Kingdom,0.0909,0.0685,0.0912,0.0232,0.0269
2016,United States,0.1576,0.0412,0.2592,0.0476,0.0255
2017,"DAC Countries, Total",0.1027,0.0542,0.1079,0.073,0.0256
2017,Australia,0.0676,0.0607,0.069,,0.013
2017,Austria,0.0622,0.1078,0.0246,0.0816,0.0155
2017,Belgium,0.093,0.053,0.0671,0.1029,0.0278
2017,Canada,0.1331,0.0482,0.1601,0.0871,0.0176
2017,Czechia,0.0895,0.0431,0.0299,0.0434,0.0177
2017,Denmark,0.1405,0.0388,0.0549,0.0372,0.0286
2017,Estonia,0.0995,0.0545,0.0258,0.0412,0.0245
2017,Finland,0.081,0.0483,0.035,0.0508,0.0133
2017,France,0.0273,0.0818,0.0439,0.0343,0.0266
2017,Germany,0.099,0.072,0.0395,0.1845,0.0408
2017,Greece,0.0788,0.0307,0.0261,0.1286,0.013
2017,Hungary,0.0736,0.1295,0.0225,0.0134,0.0118
2017,Iceland,0.0742,0.0221,0.0214,0.2837,0.0029
2017,Ireland,0.153,0.0513,0.0921,0.0352,0.0145
2017,Italy,0.0646,0.0299,0.0315,0.2069,0.0173
2017,Japan,0.0422,0.0341,0.0483,0.0,0.015
2017,Korea,0.0427,0.087,0.0875,,0.0087
2017,Latvia,0.1021,0.0452,0.0249,0.0063,0.0161
2017,Lithuania,0.0687,0.0529,0.0229,0.012,0.0147
2017,Luxembourg,0.1237,0.0876,0.1094,,0.0076
2017,Netherlands,0.0791,0.0241,0.0797,0.131,0.0113
2017,New Zealand,0.0911,0.1534,0.0434,0.0353,0.0105
2017,Norway,0.1295,0.0828,0.1097,0.0301,0.0842
2017,Poland,0.0976,0.0994,0.0203,0.0052,0.0122
2017,Portugal,0.0617,0.0959,0.0271,0.0084,0.0096
2017,Romania,0.0898,0.115,0.0193,0.0002,0.0155
2017,Slovak Republic,0.0719,0.0485,0.0307,0.0067,0.0134
2017,Slovenia,0.0712,0.1077,0.0228,0.0075,0.0191
2017,Spain,0.0541,0.0354,0.0321,0.0455,0.012
2017,Sweden,0.0989,0.0314,0.0732,0.1162,0.0283
2017,Switzerland,0.0983,0.0454,0.0541,0.0859,0.0256
2017,United Kingdom,0.0939,0.0517,0.1107,0.0201,0.0235
2017,United States,0.1814,0.043,0.2675,0.0368,0.0222
2018,"DAC Countries, Total",0.101,0.0587,0.1069,0.0541,0.0242
2018,Australia,0.0597,0.0655,0.0944,,0.0111
2018,Austria,0.0482,0.1146,0.0235,0.0344,0.0106
2018,Belgium,0.0904,0.0559,0.0609,0.0742,0.0309
2018,Canada,0.129,0.0492,0.1561,0.0892,0.0086
2018,Czechia,0.0912,0.0467,0.0222,0.0499,0.0152
2018,Denmark,0.1387,0.051,0.0642,0.0203,0.0347
2018,Estonia,0.0969,0.0712,0.0235,0.0362,0.02
2018,Finland,0.074,0.0539,0.0379,0.0393,0.0178
2018,France,0.0268,0.0781,0.0449,0.0388,0.0302
2018,Germany,0.0971,0.0828,0.0419,0.1132,0.0347
2018,Greece,0.0685,0.0351,0.0231,0.0534,0.0129
2018,Hungary,0.0491,0.1901,0.0357,0.0106,0.0046
2018,Iceland,0.0974,0.0144,0.041,0.1318,0.0011
2018,Ireland,0.1531,0.0541,0.0813,0.0433,0.0146
2018,Italy,0.0672,0.039,0.0429,0.1416,0.0134
2018,Japan,0.0366,0.0381,0.0438,0.0,0.0062
2018,Korea,0.0513,0.0816,0.0779,0.0006,0.0225
2018,Latvia,0.0814,0.0378,0.0225,0.0184,0.0147
2018,Lithuania,0.0829,0.0608,0.0205,0.0105,0.0145
2018,Luxembourg,0.122,0.0967,0.1062,,0.0063
2018,Netherlands,0.0606,0.0393,0.0869,0.085,0.0138
2018,New Zealand,0.0782,0.1217,0.0434,0.0278,0.0102
2018,Norway,0.1225,0.0784,0.1092,0.0197,0.0903
2018,Poland,0.0835,0.1005,0.0198,0.0048,0.0115
2018,Portugal,0.0551,0.1085,0.0297,0.0138,0.0098
2018,Romania,0.0803,0.1402,0.0174,0.0011,0.0126
2018,Slovak Republic,0.0785,0.0468,0.0269,0.0034,0.0114
2018,Slovenia,0.0692,0.1136,0.0193,0.0181,0.0178
2018,Spain,0.0558,0.0408,0.031,0.0577,0.0135
2018,Sweden,0.0999,0.0355,0.0676,0.0659,0.0478
2018,Switzerland,0.0985,0.0474,0.0533,0.076,0.0247
2018,United Kingdom,0.0894,0.052,0.1115,0.0188,0.0242
2018,United States,0.1921,0.0457,0.2663,0.0428,0.0179
2019,"DAC Countries, Total",0.109,0.0605,0.0962,0.0504,0.0235
2019,Australia,0.0763,0.0572,0.0879,,0.0116
2019,Austria,0.0539,0.1046,0.0227,0.0155,0.0184
2019,Belgium,0.0896,0.0567,0.0583,0.0429,0.0232
2019,Canada,0.1114,0.0559,0.1395,0.0793,0.0261
2019,Czechia,0.0911,0.046,0.0244,0.0119,0.0136
2019,Denmark,0.1608,0.0391,0.0543,0.0164,0.0142
2019,Estonia,0.0977,0.0623,0.0209,0.0082,0.012
2019,Finland,0.07,0.049,0.0303,0.0543,0.009
2019,France,0.0298,0.0825,0.0488,0.064,0.0297
2019,Germany,0.0883,0.0961,0.0446,0.0942,0.0348
2019,Greece,0.0562,0.0284,0.0161,0.2317,0.0099
2019,Hungary,0.0685,0.2445,0.0285,0.0011,0.0085
2019,Iceland,0.0933,0.0787,0.0681,0.1148,0.0009
2019,Ireland,0.1427,0.0531,0.0806,0.0623,0.013
2019,Italy,0.0641,0.0439,0.0462,0.0621,0.0173
2019,Japan,0.033,0.0412,0.0443,0.0,0.0105
2019,Korea,0.0509,0.0851,0.07,0.0004,0.0138
2019,Latvia,0.0842,0.0478,0.0201,0.0168,0.0123
2019,Lithuania,0.0823,0.0631,0.0186,0.0103,0.0122
2019,Luxembourg,0.1242,0.1017,0.1212,0.0004,0.0049
2019,Netherlands,0.0528,0.028,0.0774,0.0713,0.0171
2019,New Zealand,0.0735,0.1177,0.0405,0.0263,0.0197
2019,Norway,0.1252,0.0718,0.0996,0.0115,0.0877
2019,Poland,0.0716,0.1297,0.0267,0.0044,0.0102
2019,Portugal,0.0614,0.116,0.0341,0.0111,0.0098
2019,Romania,0.0843,0.1499,0.0164,0.0009,0.0111
2019,Slovak Republic,0.0763,0.0481,0.0235,0.0042,0.0115
2019,Slovenia,0.0645,0.1256,0.0167,0.0159,0.015
2019,Spain,0.0575,0.0359,0.0273,0.0622,0.0164
2019,Sweden,0.1066,0.0346,0.0722,0.0387,0.0297
2019,Switzerland,0.1002,0.0456,0.0527,0.0744,0.0172
2019,United Kingdom,0.1104,0.0526,0.1153,0.0245,0.0231
2019,United States,0.2282,0.0406,0.2169,0.0524,0.0162
2020,"DAC Countries, Total",0.1028,0.055,0.1167,0.0411,0.0216
2020,Australia,0.0813,0.0489,0.139,,0.0112
2020,Austria,0.0618,0.1022,0.0217,0.015,0.0131
2020,Belgium,0.0901,0.0521,0.0584,0.0386,0.0207
2020,Canada,0.1117,0.0565,0.132,0.1042,0.0122
2020,Czechia,0.0983,0.0465,0.0302,0.0107,0.0147
2020,Denmark,0.1355,0.0461,0.05,0.0165,0.014
2020,Estonia,0.1131,0.0532,0.0267,0.0075,0.0125
2020,Finland,0.093,0.0552,0.0471,0.0326,0.01
2020,France,0.0239,0.0769,0.0436,0.0519,0.0436
2020,Germany,0.0709,0.0902,0.0815,0.0679,0.0336
2020,Greece,0.0549,0.0288,0.0174,0.1453,0.0102
2020,Hungary,0.0557,0.2105,0.0535,0.0043,0.0071
2020,Iceland,0.085,0.0868,0.1547,0.0855,0.0013
2020,Ireland,0.1447,0.048,0.0864,0.0266,0.0132
2020,Italy,0.0673,0.0428,0.0465,0.0314,0.0143
2020,Japan,0.0285,0.0309,0.08,0.0,0.0088
2020,Korea,0.0642,0.0736,0.2357,0.0005,0.0078
2020,Latvia,0.0779,0.0463,0.0223,0.0137,0.0103
2020,Lithuania,0.0828,0.0602,0.0193,0.0092,0.0107
2020,Luxembourg,0.1387,0.0808,0.0901,0.0003,0.0058
2020,Netherlands,0.0724,0.0263,0.0768,0.0817,0.0138
2020,New Zealand,0.0701,0.1167,0.0939,0.014,0.0153
2020,Norway,0.1156,0.0695,0.1242,0.0092,0.0733
2020,Poland,0.0882,0.1197,0.0249,0.0047,0.0097
2020,Portugal,0.0556,0.1057,0.0301,0.0134,0.011
2020,Romania,0.0694,0.1443,0.0268,0.0009,0.0097
2020,Slovak Republic,0.0685,0.039,0.0262,0.004,0.0095
2020,Slovenia,0.0669,0.139,0.0209,0.018,0.0099
2020,Spain,0.0661,0.0376,0.0394,0.0395,0.0091
2020,Sweden,0.0959,0.0279,0.0666,0.0168,0.0228
2020,Switzerland,0.1472,0.0433,0.079,0.0735,0.0156
2020,United Kingdom,0.0966,0.0377,0.1214,0.0311,0.0174
2020,United States,0.2179,0.0344,0.254,0.0366,0.0114
2021,"DAC Countries, Total",0.112,0.0488,0.144,0.0538,0.021
2021,Australia,0.0956,0.0556,0.2098,,0.0134
2021,Austria,0.0885,0.1034,0.0419,0.0281,0.0131
2021,Belgium,0.0904,0.0495,0.0666,0.065,0.0219
2021,Canada,0.1151,0.0422,0.2608,0.061,0.0126
2021,Czechia,0.0961,0.0393,0.0584,0.01,0.0118
2021,Denmark,0.1372,0.0326,0.0718,0.0168,0.0212
2021,Estonia,0.0996,0.0584,0.0585,,0.0148
2021,Finland,0.0791,0.0606,0.0402,0.0311,0.0114
2021,France,0.0265,0.0702,0.08,0.0459,0.0386
2021,Germany,0.0868,0.0842,0.1064,0.0616,0.0338
2021,Greece,0.0613,0.0286,0.0766,0.0642,0.0101
2021,Hungary,0.0484,0.229,0.1202,0.0023,0.0071
2021,Iceland,0.1291,0.0874,0.1934,0.0538,0.0097
2021,Ireland,0.1535,0.0423,0.0894,0.0305,0.0163
2021,Italy,0.0651,0.0383,0.1028,0.0549,0.0136
2021,Japan,0.0484,0.0268,0.0815,0.0,0.0094
2021,Korea,0.0574,0.0624,0.185,0.0001,0.0117
2021,Latvia,0.0825,0.0357,0.0531,0.0212,0.0106
2021,Lithuania,0.0833,0.0653,0.0507,0.0126,0.0109
2021,Luxembourg,0.1296,0.087,0.112,,0.0038
2021,Netherlands,0.0714,0.0238,0.0935,0.0622,0.0215
2021,New Zealand,0.0681,0.084,0.1242,0.0154,0.0248
2021,Norway,0.1246,0.0684,0.1518,0.0092,0.0731
2021,Poland,0.0847,0.1105,0.0578,0.0101,0.0101
2021,Portugal,0.0644,0.1113,0.071,0.0142,0.0116
2021,Romania,0.0749,0.1288,0.0399,0.0007,0.0098
2021,Slovak Republic,0.0751,0.0371,0.0747,0.004,0.01
2021,Slovenia,0.0735,0.122,0.0907,0.0127,0.0161
2021,Spain,0.0736,0.033,0.1072,0.0412,0.0174
2021,Sweden,0.1149,0.0297,0.0893,0.0114,0.0295
2021,Switzerland,0.0926,0.0437,0.1169,0.0782,0.0119
2021,United Kingdom,0.0668,0.0369,0.1125,0.0644,0.0189
2021,United States,0.2244,0.0241,0.2565,0.0841,0.0101
2022,"DAC Countries, Total",0.1077,0.0436,0.125,0.1165,0.0171
2022,Australia,0.1288,0.0657,0.1592,0.0,0.0103
2022,Austria,0.0938,0.0872,0.0375,0.1442,0.0121
2022,Belgium,0.0972,0.0489,0.0646,0.0802,0.0172
2022,Canada,0.0971,0.0314,0.148,0.0813,0.0087
2022,Czechia,0.0685,0.0202,0.0252,0.4746,0.0069
2022,Denmark,0.1587,0.0341,0.0646,0.1021,0.0302
2022,Estonia,0.0476,0.0206,0.0135,0.5601,0.0047
2022,Finland,0.0835,0.0412,0.0435,0.1895,0.0109
2022,France,0.037,0.0669,0.0698,0.0572,0.0269
2022,Germany,0.0956,0.0756,0.0879,0.1018,0.0248
2022,Greece,0.0733,0.0293,0.0624,0.1188,0.0127
2022,Hungary,0.1354,0.3277,0.1146,0.0,0.005
2022,Iceland,0.2146,0.0556,0.0992,0.057,0.0082
2022,Ireland,0.105,0.0246,0.0502,0.4067,0.0128
2022,Italy,0.0831,0.0571,0.0713,0.147,0.0104
2022,Japan,0.0319,0.0283,0.1072,0.0022,0.0051
2022,Korea,0.06,0.0709,0.1329,0.003,0.018
2022,Latvia,0.0579,0.0244,0.0681,0.3381,0.0069
2022,Lithuania,0.1944,0.0383,0.0278,0.216,0.0077
2022,Luxembourg,0.1589,0.0695,0.1127,0.0,0.004
2022,Netherlands,0.0837,0.0227,0.0797,0.111,0.023
2022,New Zealand,0.0721,0.0657,0.11,0.0245,0.0336
2022,Norway,0.1296,0.0453,0.0878,0.085,0.0646
2022,Poland,0.0863,0.0438,0.0174,0.5067,0.0061
2022,Portugal,0.0994,0.0923,0.0552,0.0163,0.0102
2022,Romania,0.097,0.1054,0.0316,0.0213,0.0105
2022,Slovak Republic,0.091,0.0392,0.085,0.0044,0.0121
2022,Slovenia,0.0831,0.0869,0.042,0.1049,0.0111
2022,Spain,0.0746,0.0298,0.0723,0.1431,0.0118
2022,Sweden,0.121,0.028,0.0855,0.053,0.0307
2022,Switzerland,0.1081,0.0382,0.0522,0.2364,0.012
2022,United Kingdom,0.0883,0.0276,0.1012,0.2347,0.0266
2022,United States,0.1868,0.02,0.2443,0.1127,0.0083
2023,"DAC Countries, Total",0.1061,0.0427,0.0793,0.1081,0.0206
2023,Australia,0.1112,0.0551,0.1211,0.0,0.0165
2023,Austria,0.0824,0.0971,0.0281,0.0942,0.0169
2023,Belgium,0.1042,0.0492,0.062,0.0842,0.0167
2023,Canada,0.0722,0.0384,0.1057,0.148,0.0171
2023,Czechia,0.0682,0.0255,0.0299,0.3748,0.01
2023,Denmark,0.1406,0.0318,0.0385,0.0702,0.0367
2023,Estonia,0.089,0.055,0.0297,0.2137,0.0155
2023,Finland,0.0971,0.04,0.0425,0.1054,0.0133
2023,France,0.0514,0.0799,0.0677,0.0498,0.0364
2023,Germany,0.0625,0.0598,0.0356,0.1162,0.0217
2023,Greece,0.0815,0.0311,0.0303,0.083,0.0139
2023,Hungary,0.0383,0.3337,0.2281,0.0061,0.0012
2023,Iceland,0.2158,0.0422,0.105,0.0744,0.0217
2023,Ireland,0.0979,0.0264,0.0451,0.4258,0.0122
2023,Italy,0.0773,0.0468,0.0427,0.1771,0.0161
2023,Japan,0.0501,0.0276,0.0637,0.0013,0.0079
2023,Korea,0.0487,0.065,0.1097,0.0003,0.0318
2023,Latvia,0.0911,0.0276,0.0549,0.2142,0.0074
2023,Lithuania,0.1916,0.0764,0.0627,0.1172,0.0094
2023,Luxembourg,0.1747,0.0883,0.1027,0.0,0.0141
2023,Netherlands,0.0959,0.0206,0.0713,0.1364,0.0178
2023,New Zealand,0.0774,0.0699,0.0493,0.0155,0.047
2023,Norway,0.1545,0.0333,0.0645,0.0611,0.0547
2023,Poland,0.078,0.0591,0.0213,0.3845,0.0076
2023,Portugal,0.0835,0.1009,0.0427,0.0102,0.0117
2023,Romania,0.0853,0.1089,0.0304,0.1298,0.0106
2023,Slovak Republic,0.0906,0.0397,0.0739,0.005,0.0133
2023,Slovenia,0.1161,0.1035,0.0334,0.0699,0.0135
2023,Spain,0.0881,0.0358,0.0504,0.051,0.0183
2023,Sweden,0.1246,0.0274,0.0698,0.0327,0.0487
2023,Switzerland,0.1126,0.0367,0.0498,0.2351,0.0117
2023,United Kingdom,0.0527,0.0255,0.1077,0.1985,0.0244
2023,United States,0.2158,0.0255,0.1356,0.0977,0.0143
2024,"DAC Countries, Total",0.1029,0.046,0.0963,0.0976,0.0257
2024,Australia,0.0913,0.0386,0.1113,0.0,0.0112
2024,Austria,0.0942,0.12,0.0238,0.0359,0.0215
2024,Belgium,0.0845,0.046,0.0542,0.0927,0.0189
2024,Canada,0.0513,0.0339,0.0955,0.1652,0.0311
2024,Czechia,0.0807,0.0335,0.0357,0.1866,0.0139
2024,Denmark,0.1567,0.0326,0.0532,0.0425,0.0314
2024,Estonia,0.0829,0.0531,0.0363,0.0194,0.0128
2024,Finland,0.1053,0.0407,0.0492,0.1291,0.0246
2024,France,0.0437,0.079,0.059,0.0462,0.0414
2024,Germany,0.0625,0.0798,0.0383,0.132,0.0374
2024,Greece,0.0767,0.0336,0.0276,0.0688,0.0128
2024,Hungary,0.0336,0.4281,0.0732,0.0032,0.0022
2024,Iceland,0.1375,0.053,0.1057,0.0569,0.0142
2024,Ireland,0.1029,0.0333,0.0487,0.3272,0.0208
2024,Italy,0.0689,0.0412,0.037,0.1717,0.0188
2024,Japan,0.0362,0.0252,0.0541,0.0004,0.0099
2024,Korea,0.142,0.0593,0.078,0.0002,0.0146
2024,Latvia,0.0857,0.0317,0.041,0.0984,0.013
2024,Lithuania,0.1531,0.0485,0.0415,0.0466,0.0101
2024,Luxembourg,0.157,0.0939,0.1061,0.0004,0.007
2024,Netherlands,0.0868,0.0137,0.0659,0.1392,0.0151
2024,New Zealand,0.0785,0.0818,0.0588,0.016,0.0707
2024,Norway,0.1356,0.035,0.0763,0.0577,0.08
2024,Poland,0.071,0.0824,0.0284,0.1327,0.0148
2024,Portugal,0.0647,0.0881,0.0374,0.0201,0.011
2024,Romania,0.0808,0.1101,0.0284,0.047,0.0114
2024,Slovak Republic,0.0966,0.0405,0.03,0.0034,0.0136
2024,Slovenia,0.1146,0.089,0.0276,0.0255,0.0157
2024,Spain,0.0843,0.0373,0.0464,0.0647,0.0212
2024,Sweden,0.1422,0.0276,0.0713,0.0199,0.0386
2024,Switzerland,0.0992,0.0374,0.0517,0.2056,0.016
2024,United Kingdom,0.0929,0.0466,0.1025,0.1676,0.0431
2024,United States,0.1821,0.0229,0.2015,0.0937,0.0127
